{
  "Thin Strokes" : 0,
  "Ansi 5 Color" : {
    "Green Component" : 0.49495330452919012,
    "Red Component" : 0.63015031814575195,
    "Blue Component" : 0.67327117919921875
  },
  "Working Directory" : "\/Users\/dstreby",
  "Prompt Before Closing 2" : 0,
  "Selected Text Color" : {
    "Green Component" : 0.73781722784042358,
    "Red Component" : 0.71933764219284058,
    "Blue Component" : 0.72798359394073486
  },
  "Rows" : 25,
  "Ansi 11 Color" : {
    "Green Component" : 0.53968650100000004,
    "Red Component" : 0.8995583653,
    "Blue Component" : 0.31311613319999998
  },
  "Use Italic Font" : true,
  "Foreground Color" : {
    "Green Component" : 0.73781722784042358,
    "Red Component" : 0.71933764219284058,
    "Blue Component" : 0.72798359394073486
  },
  "Right Option Key Sends" : 0,
  "Character Encoding" : 4,
  "Selection Color" : {
    "Green Component" : 0.12312769144773481,
    "Red Component" : 0.1177214533090591,
    "Blue Component" : 0.13528014719486239
  },
  "Triggers" : [

  ],
  "Blend" : 0.29999999999999999,
  "Mouse Reporting" : true,
  "Ansi 4 Color" : {
    "Green Component" : 0.56596899032592773,
    "Red Component" : 0.43031883239746088,
    "Blue Component" : 0.69103837013244629
  },
  "Non-ASCII Anti Aliased" : true,
  "Sync Title" : false,
  "Disable Window Resizing" : true,
  "Close Sessions On End" : true,
  "Jobs to Ignore" : [
    "rlogin",
    "ssh",
    "slogin",
    "telnet"
  ],
  "Scrollback With Status Bar" : false,
  "Scrollback Lines" : 1000,
  "Scrollback in Alternate Screen" : true,
  "Hide After Opening" : false,
  "Flashing Bell" : false,
  "Cursor Guide Color" : {
    "Red Component" : 0.65000000000000002,
    "Color Space" : "Calibrated",
    "Blue Component" : 1,
    "Alpha Component" : 0.25,
    "Green Component" : 0.91000000000000003
  },
  "BM Growl" : true,
  "Ansi 3 Color" : {
    "Green Component" : 0.71015834808349609,
    "Red Component" : 0.89336264133453369,
    "Blue Component" : 0.36974489688873291
  },
  "Use Non-ASCII Font" : false,
  "Link Color" : {
    "Red Component" : 0.023,
    "Color Space" : "Calibrated",
    "Blue Component" : 0.67800000000000005,
    "Alpha Component" : 1,
    "Green Component" : 0.27000000000000002
  },
  "Shortcut" : "",
  "Background Image Location" : "",
  "Bold Color" : {
    "Green Component" : 0.73781722784042358,
    "Red Component" : 0.71933764219284058,
    "Blue Component" : 0.72798359394073486
  },
  "Unlimited Scrollback" : false,
  "Custom Command" : "No",
  "Smart Selection Rules" : [
    {
      "notes" : "Word bounded by whitespace",
      "regex" : "\\S+",
      "precision" : "low"
    },
    {
      "notes" : "C++ namespace::identifier",
      "regex" : "([a-zA-Z0-9_]+::)+[a-zA-Z0-9_]+",
      "precision" : "normal"
    },
    {
      "notes" : "Paths",
      "regex" : "\\~?\/?([[:letter:][:number:]._-]+\/+)+[[:letter:][:number:]._-]+\/?",
      "precision" : "normal"
    },
    {
      "notes" : "Quoted string",
      "regex" : "@?\"(?:[^\"\\\\]|\\\\.)*\"",
      "precision" : "normal"
    },
    {
      "notes" : "Java\/Python include paths",
      "regex" : "([[:letter:][:number:]._]+\\.)+[[:letter:][:number:]._]+",
      "precision" : "normal"
    },
    {
      "notes" : "mailto URL",
      "regex" : "\\bmailto:([a-z0-9A-Z_]+@)?([a-zA-Z0-9\\-]+\\.)*[a-zA-Z0-9\\-]+\\b",
      "precision" : "normal"
    },
    {
      "notes" : "Obj-C selector",
      "regex" : "@selector\\([^)]+\\)",
      "precision" : "high"
    },
    {
      "notes" : "email address",
      "regex" : "\\b[A-Za-z0-9._%+-]+@[A-Za-z0-9.-]+\\.[A-Za-z]{2,4}\\b",
      "precision" : "high"
    },
    {
      "notes" : "HTTP URL",
      "regex" : "https?:\/\/([a-z0-9A-Z]+(:[a-zA-Z0-9]+)?@)?[a-z0-9A-Z]+(\\.[a-z0-9A-Z]+)*((:[0-9]+)?)(\/[a-zA-Z0-9;\/\\.\\-_+%~?&@=#\\(\\)]*)?",
      "precision" : "very_high"
    },
    {
      "notes" : "SSH URL",
      "regex" : "\\bssh:([a-z0-9A-Z_]+@)?([a-zA-Z0-9\\-]+\\.)*[a-zA-Z0-9\\-]+\\b",
      "precision" : "very_high"
    },
    {
      "notes" : "Telnet URL",
      "regex" : "\\btelnet:([a-z0-9A-Z_]+@)?([a-zA-Z0-9\\-]+\\.)*[a-zA-Z0-9\\-]+\\b",
      "precision" : "very_high"
    }
  ],
  "Keyboard Map" : {
    "0xf70d-0x20000" : {
      "Text" : "[21;2~",
      "Action" : 10
    },
    "0xf708-0x20000" : {
      "Text" : "[15;2~",
      "Action" : 10
    },
    "0x33-0x40000" : {
      "Text" : "0x1b",
      "Action" : 11
    },
    "0xf703-0x260000" : {
      "Text" : "[1;6C",
      "Action" : 10
    },
    "0xf729-0x20000" : {
      "Text" : "[1;2H",
      "Action" : 10
    },
    "0xf702-0x260000" : {
      "Text" : "[1;6D",
      "Action" : 10
    },
    "0x38-0x40000" : {
      "Text" : "0x7f",
      "Action" : 11
    },
    "0xf72b-0x40000" : {
      "Text" : "[1;5F",
      "Action" : 10
    },
    "0xf70c-0x20000" : {
      "Text" : "[20;2~",
      "Action" : 10
    },
    "0xf701-0x260000" : {
      "Text" : "[1;6B",
      "Action" : 10
    },
    "0x32-0x40000" : {
      "Text" : "0x00",
      "Action" : 11
    },
    "0xf707-0x20000" : {
      "Text" : "[1;2S",
      "Action" : 10
    },
    "0xf703-0x240000" : {
      "Text" : "[1;5C",
      "Action" : 10
    },
    "0xf700-0x260000" : {
      "Text" : "[1;6A",
      "Action" : 10
    },
    "0xf702-0x240000" : {
      "Text" : "[1;5D",
      "Action" : 10
    },
    "0x37-0x40000" : {
      "Text" : "0x1f",
      "Action" : 11
    },
    "0x3-0x200000" : {
      "Text" : "0xd",
      "Action" : 11
    },
    "0xf701-0x240000" : {
      "Text" : "[1;5B",
      "Action" : 10
    },
    "0xf70b-0x20000" : {
      "Text" : "[19;2~",
      "Action" : 10
    },
    "0xf703-0x220000" : {
      "Text" : "[1;2C",
      "Action" : 10
    },
    "0xf739-0x0" : {
      "Text" : "",
      "Action" : 13
    },
    "0xf706-0x20000" : {
      "Text" : "[1;2R",
      "Action" : 10
    },
    "0xf700-0x240000" : {
      "Text" : "[1;5A",
      "Action" : 10
    },
    "0xf702-0x220000" : {
      "Text" : "[1;2D",
      "Action" : 10
    },
    "0x36-0x40000" : {
      "Text" : "0x1e",
      "Action" : 11
    },
    "0xf70f-0x20000" : {
      "Text" : "[24;2~",
      "Action" : 10
    },
    "0xf701-0x220000" : {
      "Text" : "[1;2B",
      "Action" : 10
    },
    "0xf70a-0x20000" : {
      "Text" : "[18;2~",
      "Action" : 10
    },
    "0xf729-0x40000" : {
      "Text" : "[1;5H",
      "Action" : 10
    },
    "0xf72b-0x20000" : {
      "Text" : "[1;2F",
      "Action" : 10
    },
    "0xf700-0x220000" : {
      "Text" : "[1;2A",
      "Action" : 10
    },
    "0x30-0x200000" : {
      "Text" : "0",
      "Action" : 12
    },
    "0xf705-0x20000" : {
      "Text" : "[1;2Q",
      "Action" : 10
    },
    "0x31-0x200000" : {
      "Text" : "1",
      "Action" : 12
    },
    "0x33-0x200000" : {
      "Text" : "3",
      "Action" : 12
    },
    "0x35-0x40000" : {
      "Text" : "0x1d",
      "Action" : 11
    },
    "0x34-0x200000" : {
      "Text" : "4",
      "Action" : 12
    },
    "0x32-0x200000" : {
      "Text" : "2",
      "Action" : 12
    },
    "0x35-0x200000" : {
      "Text" : "5",
      "Action" : 12
    },
    "0x36-0x200000" : {
      "Text" : "6",
      "Action" : 12
    },
    "0x37-0x200000" : {
      "Text" : "7",
      "Action" : 12
    },
    "0x2d-0x40000" : {
      "Text" : "0x1f",
      "Action" : 11
    },
    "0x38-0x200000" : {
      "Text" : "8",
      "Action" : 12
    },
    "0x2a-0x200000" : {
      "Text" : "*",
      "Action" : 12
    },
    "0x39-0x200000" : {
      "Text" : "9",
      "Action" : 12
    },
    "0x2b-0x200000" : {
      "Text" : "+",
      "Action" : 12
    },
    "0xf70e-0x20000" : {
      "Text" : "[23;2~",
      "Action" : 10
    },
    "0x2e-0x200000" : {
      "Text" : ".",
      "Action" : 12
    },
    "0x2d-0x200000" : {
      "Text" : "-",
      "Action" : 12
    },
    "0xf709-0x20000" : {
      "Text" : "[17;2~",
      "Action" : 10
    },
    "0x2f-0x200000" : {
      "Text" : "\/",
      "Action" : 12
    },